,Log
0,blah blah
1,Atriays#5462 cleared 1 message(s) on 24/11/2020  00:13
2,Atriays#5462 cleared 1 message(s) on 24/11/2020  00:14
3,Mutant-San#0374 cleared 2 message(s) on 24/11/2020  00:29
4,Mutant-San#0374 cleared 2 message(s) on 24/11/2020  00:30
5,Mutant-San#0374 cleared 15 message(s) on 24/11/2020  15:14
6,Atriays#5462 cleared 10 message(s) on 24/11/2020  15:14
7,Atriays#5462 cleared 10 message(s) on 24/11/2020  15:19
8,Atriays#5462 cleared 7 message(s) on 16/12/2020  21:04
9,Atriays#0001 cleared 2 message(s) on 01/01/2021  18:24
10,Atriays#0001 cleared 2 message(s) on 01/01/2021  18:24
